,flips,time,size
0,16.0,21.516783762685403,16.0
1,20.0,25.640503875968992,16.0
2,28.0,31.10348432055749,16.0
3,34.0,36.85275196568978,16.0
4,17.0,26.01513019000704,16.0
5,26.0,29.74537695590327,16.0
6,15.0,28.738259919912633,16.0
7,19.0,30.472747918243755,16.0
8,30.0,35.19814814814815,16.0
9,22.0,26.759787034137176,16.0
10,20.0,26.15691402419091,16.0
11,23.0,29.966666666666665,16.0
12,23.0,33.42176360225141,16.0
13,25.0,33.181451612903224,16.0
14,35.0,41.07783783783784,16.0
15,15.0,24.79767054908486,16.0
16,37.0,37.114156965828016,16.0
17,22.0,32.85392051557465,16.0
18,31.0,38.93713700034165,16.0
19,18.0,32.23592906707787,16.0
20,31.0,32.432432432432435,16.0
21,28.0,31.22864401397269,16.0
22,22.0,27.32380013149244,16.0
23,22.0,27.72573839662447,16.0
24,25.0,30.017045454545453,16.0
25,18.0,21.304444996275144,16.0
26,28.0,32.569053274516456,16.0
27,31.0,29.424627791563275,16.0
28,30.0,31.517872968980797,16.0
29,21.0,26.922599704579024,16.0
30,16.0,25.021148036253777,16.0
31,16.0,25.106361829025843,16.0
32,22.0,25.698339483394832,16.0
33,28.0,31.067434767875298,16.0
34,19.0,27.666051660516604,16.0
35,18.0,29.40698557327259,16.0
36,18.0,27.76508474576271,16.0
37,29.0,31.87676056338028,16.0
38,20.0,28.388362652232747,16.0
39,19.0,27.560375994215473,16.0
40,22.0,29.002813928948296,16.0
41,21.0,31.77848101265823,16.0
42,27.0,31.508295625942687,16.0
43,18.0,32.802543270929,16.0
44,18.0,31.60753711457937,16.0
45,34.0,33.09032488397001,16.0
46,19.0,33.12452107279694,16.0
47,28.0,31.845489111648806,16.0
48,23.0,30.726880172724,16.0
49,18.0,30.571233810497613,16.0
50,34.0,40.79148148148148,16.0
51,15.0,28.014799865455768,16.0
52,15.0,29.36861810755616,16.0
53,15.0,28.133962264150945,16.0
54,31.0,33.141047586443,16.0
55,32.0,34.52874404979861,16.0
56,16.0,27.5512729844413,16.0
57,33.0,33.22046968103751,16.0
58,30.0,35.03525641025641,16.0
59,34.0,39.87949101796407,16.0
60,24.0,30.48,16.0
61,27.0,33.60429788810671,16.0
62,21.0,27.729099157485418,16.0
63,25.0,32.136913767019664,16.0
64,20.0,25.93060959792477,16.0
65,20.0,28.831710709318497,16.0
66,18.0,26.9240253248917,16.0
67,41.0,33.49938195302843,16.0
68,42.0,37.7980969372584,16.0
69,18.0,24.661427810335642,16.0
70,27.0,28.698612455630848,16.0
71,22.0,29.807881773399014,16.0
72,33.0,38.708708708708706,16.0
73,32.0,27.887323943661972,16.0
74,17.0,29.60488308115543,16.0
75,20.0,28.240622788393487,16.0
76,25.0,30.944424264438794,16.0
77,26.0,25.462937448332873,16.0
78,17.0,25.33812949640288,16.0
79,26.0,29.35585003232062,16.0
80,25.0,29.163418803418804,16.0
81,27.0,34.61541311596888,16.0
82,18.0,29.651779483600837,16.0
83,25.0,29.972096041531472,16.0
84,21.0,26.458509599739667,16.0
85,22.0,31.897196261682243,16.0
86,31.0,40.76121562952243,16.0
87,18.0,26.0940283734741,16.0
88,22.0,32.06837280366692,16.0
89,24.0,29.425426136363637,16.0
90,23.0,30.687732342007436,16.0
91,18.0,26.14925887624957,16.0
92,35.0,38.07916818679314,16.0
93,21.0,27.154558404558404,16.0
94,19.0,29.43757072802716,16.0
95,18.0,31.209567198177677,16.0
96,20.0,30.5603847524047,16.0
97,22.0,32.809283915077366,16.0
98,31.0,28.378965922444184,16.0
99,17.0,27.470844504021446,16.0
100,17.0,24.757684761281883,16.0
101,25.0,33.05899705014749,16.0
102,13.0,27.38868205510052,16.0
103,41.0,32.11422606620936,16.0
104,24.0,35.815597667638485,16.0
105,19.0,28.58732660781841,16.0
106,18.0,33.889135254988915,16.0
107,29.0,34.09943181818182,16.0
108,25.0,31.705987809250626,16.0
109,26.0,33.38204667863555,16.0
110,18.0,29.241601628775026,16.0
111,25.0,27.86627906976744,16.0
112,25.0,26.434387814879905,16.0
113,23.0,26.75564681724846,16.0
114,47.0,33.62566844919786,16.0
115,13.0,25.923969072164947,16.0
116,26.0,32.43358310626703,16.0
117,18.0,29.03922942206655,16.0
118,43.0,39.87472446730345,16.0
119,35.0,38.725729051310445,16.0
120,29.0,36.54568076786349,16.0
121,31.0,33.69104965804341,16.0
122,20.0,28.193350548741122,16.0
123,22.0,30.489436619718308,16.0
124,21.0,29.25,16.0
125,26.0,33.23074046372476,16.0
126,19.0,27.960790667530784,16.0
127,34.0,36.92075471698113,16.0
128,37.0,37.61191961191961,16.0
129,31.0,32.62556758644778,16.0
130,24.0,31.21719767043508,16.0
131,23.0,31.282467532467532,16.0
132,18.0,30.55112651646447,16.0
133,31.0,33.970426409903716,16.0
134,21.0,27.430705105939563,16.0
135,25.0,31.543178519593614,16.0
136,26.0,25.242776288352697,16.0
137,20.0,26.910017574692443,16.0
138,25.0,34.76258714175058,16.0
139,33.0,40.13277133825079,16.0
140,24.0,28.198029556650248,16.0
141,22.0,84.4381984422621,16.0
142,16.0,25.155865197666884,16.0
143,35.0,37.606622998544395,16.0
144,16.0,26.38965639390719,16.0
145,20.0,31.511151079136692,16.0
146,25.0,33.56924172303311,16.0
147,17.0,28.487967914438503,16.0
148,16.0,27.11193502824859,16.0
149,27.0,35.56181057436287,16.0
150,20.0,30.687456445993032,16.0
151,28.0,33.977037037037036,16.0
152,23.0,31.92552026286966,16.0
153,32.0,31.33128834355828,16.0
154,16.0,30.276677094195342,16.0
155,20.0,29.15950704225352,16.0
156,12.0,25.012422360248447,16.0
157,15.0,27.677881173944165,16.0
158,13.0,29.388177710843372,16.0
159,14.0,32.984375,16.0
160,27.0,36.47373913043478,16.0
161,31.0,32.249606051055785,16.0
162,29.0,34.71544715447155,16.0
163,24.0,26.33611031312841,16.0
164,13.0,24.337507453786525,16.0
165,23.0,27.144966847498495,16.0
166,33.0,35.099281068127354,16.0
167,29.0,32.72248117604876,16.0
168,22.0,29.953001715265867,16.0
169,28.0,30.782132181999337,16.0
170,26.0,29.98974709501025,16.0
171,18.0,30.003824091778203,16.0
172,13.0,29.295871559633028,16.0
173,30.0,31.382632293080054,16.0
174,23.0,34.913271028037386,16.0
175,26.0,32.26704953338119,16.0
176,26.0,34.48184568835099,16.0
177,34.0,34.53682037164487,16.0
178,16.0,22.3616298811545,16.0
179,17.0,26.687677053824363,16.0
180,30.0,31.960453920220083,16.0
181,22.0,28.217865666553017,16.0
182,23.0,28.414210870988867,16.0
183,29.0,29.81162715167262,16.0
184,21.0,26.161416044170185,16.0
185,22.0,30.870250896057346,16.0
186,23.0,30.662865288667142,16.0
187,14.0,27.48405386250886,16.0
188,24.0,33.63209189001044,16.0
189,19.0,30.530221882172913,16.0
190,26.0,31.82072307118897,16.0
191,25.0,32.43780918727915,16.0
192,22.0,33.27645051194539,16.0
193,22.0,28.73568735001714,16.0
194,27.0,37.39281663516068,16.0
195,17.0,27.442934782608695,16.0
196,23.0,35.27582335329341,16.0
197,22.0,27.722478576137114,16.0
198,16.0,31.483685220729367,16.0
199,40.0,39.968817204301075,16.0
200,23.0,29.881473757386168,16.0
201,18.0,26.53408316291752,16.0
202,20.0,26.26274907125971,16.0
203,25.0,29.1764917325665,16.0
204,31.0,33.569968276348256,16.0
205,25.0,34.574188844331026,16.0
206,15.0,27.298022598870055,16.0
207,23.0,34.53680981595092,16.0
208,18.0,28.34148148148148,16.0
209,15.0,27.98175965665236,16.0
210,32.0,38.44384198295894,16.0
211,25.0,28.998629667694416,16.0
212,31.0,36.43856920684292,16.0
213,21.0,29.006802721088434,16.0
214,36.0,43.49329359165425,16.0
215,18.0,25.802069857697283,16.0
216,18.0,30.579226686884002,16.0
217,24.0,33.75767918088737,16.0
218,24.0,29.254901960784313,16.0
219,27.0,35.76290991330569,16.0
220,26.0,31.761241970021413,16.0
221,17.0,31.059451219512194,16.0
222,30.0,34.37154989384289,16.0
223,24.0,32.816057293629854,16.0
224,27.0,34.256605139341296,16.0
225,17.0,28.82562547384382,16.0
226,33.0,35.92371418709009,16.0
227,32.0,40.22904244124869,16.0
228,22.0,29.05122950819672,16.0
229,30.0,38.28195488721804,16.0
230,29.0,31.62684563758389,16.0
231,20.0,24.989329268292682,16.0
232,22.0,32.714878482513335,16.0
233,16.0,26.66080901856764,16.0
234,35.0,34.88793399793744,16.0
235,30.0,35.76071679550246,16.0
236,30.0,34.696594427244584,16.0
237,15.0,23.1437578814628,16.0
238,30.0,40.11880819366853,16.0
239,28.0,28.182998454404945,16.0
240,16.0,23.9876100423867,16.0
241,28.0,35.589652728561305,16.0
242,25.0,32.06609087495306,16.0
243,34.0,36.42710544939845,16.0
244,17.0,21.470807097882084,16.0
245,27.0,29.39139139139139,16.0
246,21.0,30.02227255568139,16.0
247,29.0,35.53566121842496,16.0
248,22.0,31.31737588652482,16.0
249,22.0,30.65637783562663,16.0
250,18.0,35.56234369417649,16.0
251,28.0,28.25187265917603,16.0
252,19.0,30.044331641285957,16.0
253,30.0,33.66504491017964,16.0
254,24.0,29.1968085106383,16.0
255,28.0,33.48990627253064,16.0
256,64.0,58.50286011440458,32.0
257,33.0,47.683402705515086,32.0
258,36.0,51.91369552914544,32.0
259,50.0,57.737517831669045,32.0
260,80.0,66.89727757507718,32.0
261,92.0,73.97445863409217,32.0
262,61.0,60.08585313174946,32.0
263,41.0,48.614486601220484,32.0
264,55.0,54.23792824386296,32.0
265,57.0,59.85813704496788,32.0
266,25.0,47.63965469228627,32.0
267,73.0,65.40185601799774,32.0
268,50.0,53.065202150035056,32.0
269,49.0,60.03948387096774,32.0
270,55.0,56.515001239771884,32.0
271,77.0,60.58166346417787,32.0
272,41.0,58.801797040169134,32.0
273,70.0,65.05817782656422,32.0
274,41.0,50.620406189555126,32.0
275,46.0,53.82348156182213,32.0
276,88.0,64.1484108221697,32.0
277,34.0,54.86431742508324,32.0
278,49.0,59.53732833957553,32.0
279,64.0,54.18250455610518,32.0
280,56.0,61.13094245204337,32.0
281,37.0,49.01255766273706,32.0
282,56.0,56.32303448275862,32.0
283,67.0,61.23496391339214,32.0
284,39.0,51.708788209606986,32.0
285,44.0,50.60707732634338,32.0
286,46.0,58.6597510373444,32.0
287,51.0,53.932849852269676,32.0
288,36.0,52.513211658948514,32.0
289,58.0,50.56925675675676,32.0
290,66.0,59.90998931623932,32.0
291,52.0,58.54248006598845,32.0
292,98.0,73.4481223922114,32.0
293,73.0,62.91787970337819,32.0
294,43.0,55.440883977900555,32.0
295,29.0,101.65321934277317,32.0
296,57.0,61.89430894308943,32.0
297,61.0,55.42875715028601,32.0
298,86.0,63.815776209677416,32.0
299,59.0,59.874836001049594,32.0
300,86.0,72.48626300346758,32.0
301,33.0,49.69062759192701,32.0
302,55.0,49.89899975603806,32.0
303,50.0,57.557466557466554,32.0
304,87.0,65.41839378238342,32.0
305,42.0,52.59065628476085,32.0
306,77.0,65.00792183786639,32.0
307,74.0,66.71947555312757,32.0
308,27.0,49.96132596685083,32.0
309,76.0,67.01790140457175,32.0
310,54.0,54.74061064577141,32.0
311,86.0,67.35766031660853,32.0
312,55.0,56.913055181695825,32.0
313,57.0,59.055692055692056,32.0
314,42.0,57.51001112347052,32.0
315,70.0,67.68538076709282,32.0
316,52.0,55.07182466332189,32.0
317,67.0,47.42757916241062,32.0
318,79.0,56.31524197195839,32.0
319,73.0,60.988351481387696,32.0
320,81.0,64.34842214174857,32.0
321,41.0,52.32560043668122,32.0
322,38.0,51.548514330791484,32.0
323,41.0,53.87865293626496,32.0
324,31.0,51.03105763850028,32.0
325,42.0,62.781643835616435,32.0
326,36.0,51.085015940488844,32.0
327,37.0,56.732689655172415,32.0
328,40.0,51.018191546281436,32.0
329,58.0,61.12788778877888,32.0
330,54.0,64.02956764295676,32.0
331,41.0,50.2503239181135,32.0
332,76.0,64.95478356768679,32.0
333,47.0,50.04311251314406,32.0
334,40.0,50.28817667654188,32.0
335,59.0,56.28316985028395,32.0
336,64.0,51.19177241097012,32.0
337,42.0,54.482606438213914,32.0
338,41.0,52.34319847950041,32.0
339,52.0,52.425222929936304,32.0
340,78.0,65.56822916666667,32.0
341,51.0,45.58712121212121,32.0
342,64.0,53.705464868701206,32.0
343,42.0,54.232365145228215,32.0
344,28.0,56.414047553976495,32.0
345,39.0,50.24401041666667,32.0
346,35.0,52.02090209020902,32.0
347,73.0,61.67949072792693,32.0
348,62.0,56.882878009196645,32.0
349,32.0,55.00567375886525,32.0
350,58.0,63.4436005625879,32.0
351,56.0,63.28379489991774,32.0
352,41.0,53.582471420794775,32.0
353,74.0,70.33756491633007,32.0
354,37.0,50.877996803409694,32.0
355,55.0,67.6672131147541,32.0
356,74.0,66.34342584805158,32.0
357,62.0,64.14493158335661,32.0
358,38.0,53.41678480294868,32.0
359,64.0,61.87335305189567,32.0
360,54.0,47.07952021323856,32.0
361,75.0,71.64562717304092,32.0
362,57.0,56.09823078954317,32.0
363,44.0,56.70844686648501,32.0
364,67.0,59.04648588821251,32.0
365,63.0,61.16694444444445,32.0
366,40.0,54.17493762129193,32.0
367,45.0,57.52046951044947,32.0
368,98.0,72.77447163515016,32.0
369,37.0,58.54001088731628,32.0
370,66.0,55.69076923076923,32.0
371,48.0,58.495779403489024,32.0
372,42.0,52.26407154129406,32.0
373,52.0,58.55679045811873,32.0
374,48.0,47.85734364019677,32.0
375,60.0,54.10732538330494,32.0
376,51.0,55.105588393336916,32.0
377,54.0,55.39591439688716,32.0
378,34.0,46.54608976081698,32.0
379,72.0,63.4762174405436,32.0
380,60.0,59.29358303497659,32.0
381,51.0,50.549891540130155,32.0
382,63.0,58.90015764582238,32.0
383,41.0,52.508168316831686,32.0
384,62.0,60.4953125,32.0
385,50.0,53.514005983138425,32.0
386,32.0,43.720128904313334,32.0
387,45.0,48.96898517673888,32.0
388,85.0,62.735347985347985,32.0
389,44.0,56.44011581995262,32.0
390,68.0,65.07726889575723,32.0
391,68.0,61.55903071287687,32.0
392,61.0,58.47929306251649,32.0
393,36.0,51.160309721823914,32.0
394,74.0,70.91301954307734,32.0
395,82.0,65.82061266874351,32.0
396,58.0,62.83625100996499,32.0
397,58.0,57.312756077574434,32.0
398,29.0,46.53000822143053,32.0
399,63.0,59.428684418665966,32.0
400,43.0,50.71947283485745,32.0
401,59.0,57.19676478387696,32.0
402,44.0,56.229729729729726,32.0
403,41.0,50.49144842330305,32.0
404,59.0,55.18495382944052,32.0
405,40.0,48.30373095112979,32.0
406,69.0,65.81584158415842,32.0
407,52.0,56.642458100558656,32.0
408,52.0,57.20722543352601,32.0
409,81.0,68.28259130898427,32.0
410,56.0,48.279787969578244,32.0
411,46.0,58.68812822602553,32.0
412,46.0,52.43341404358353,32.0
413,36.0,51.490647872052044,32.0
414,105.0,77.43755358673907,32.0
415,58.0,61.48121347063735,32.0
416,53.0,53.495802132970276,32.0
417,71.0,68.12738679759957,32.0
418,41.0,51.49083447332421,32.0
419,52.0,61.69052390495276,32.0
420,35.0,51.09970278303161,32.0
421,59.0,50.54653051752147,32.0
422,38.0,44.06173662003109,32.0
423,46.0,53.10537692515536,32.0
424,67.0,53.486587183308494,32.0
425,51.0,56.0423750980905,32.0
426,80.0,62.58328811720022,32.0
427,44.0,59.625319330116376,32.0
428,92.0,65.4046875,32.0
429,28.0,49.62264150943396,32.0
430,41.0,53.25058977719528,32.0
431,26.0,51.75097601784719,32.0
432,42.0,55.65345162184641,32.0
433,73.0,63.60313100796485,32.0
434,55.0,63.37603993344426,32.0
435,53.0,54.712876712328764,32.0
436,60.0,52.25029543843063,32.0
437,61.0,57.42781597038604,32.0
438,100.0,71.58226815338591,32.0
439,50.0,53.6071995764955,32.0
440,29.0,54.13002232142857,32.0
441,44.0,55.30981515230409,32.0
442,48.0,57.34517766497462,32.0
443,66.0,55.173022049286644,32.0
444,64.0,66.329517579722,32.0
445,32.0,43.40821142048136,32.0
446,38.0,53.105511811023625,32.0
447,75.0,72.7357259380098,32.0
448,73.0,63.8260749724366,32.0
449,59.0,60.89915277398196,32.0
450,54.0,54.3625304136253,32.0
451,29.0,48.523210070810386,32.0
452,49.0,58.34841525034451,32.0
453,72.0,52.5525462962963,32.0
454,40.0,53.81501197764174,32.0
455,46.0,51.759010786635095,32.0
456,67.0,62.552023906547134,32.0
457,82.0,65.03197831978319,32.0
458,44.0,55.48703805846663,32.0
459,37.0,52.165935271530444,32.0
460,96.0,79.45658342792281,32.0
461,58.0,61.31569664902998,32.0
462,44.0,50.93553500660502,32.0
463,35.0,50.36465264838967,32.0
464,40.0,52.13311331133113,32.0
465,56.0,56.871539908626715,32.0
466,52.0,55.68457818377217,32.0
467,89.0,57.46617050067659,32.0
468,78.0,73.36322024771137,32.0
469,85.0,67.04218958611482,32.0
470,71.0,58.73521505376344,32.0
471,48.0,54.77821338560627,32.0
472,71.0,64.93799944888399,32.0
473,55.0,50.49610205527994,32.0
474,45.0,54.386259129023536,32.0
475,62.0,61.969049575458776,32.0
476,48.0,65.15,32.0
477,47.0,110.9242501270971,32.0
478,56.0,58.52541921746074,32.0
479,54.0,58.346725371491466,32.0
480,39.0,54.970233080595335,32.0
481,39.0,54.95360091090236,32.0
482,54.0,56.13219789132198,32.0
483,36.0,50.550194120909595,32.0
484,84.0,68.21841004184101,32.0
485,63.0,67.50028555111365,32.0
486,70.0,66.53695768612748,32.0
487,64.0,62.758179231863444,32.0
488,55.0,60.766774891774894,32.0
489,47.0,56.291180461329716,32.0
490,84.0,69.894544431946,32.0
491,75.0,61.01813941435605,32.0
492,38.0,51.924369747899156,32.0
493,51.0,62.1134652913298,32.0
494,67.0,60.18768250597292,32.0
495,42.0,54.549818587775604,32.0
496,36.0,47.50475700694266,32.0
497,57.0,64.72674094707521,32.0
498,59.0,60.661060433295326,32.0
499,33.0,48.67229637700899,32.0
500,38.0,52.526834611171964,32.0
501,39.0,46.68531139835488,32.0
502,19.0,45.977114939573156,32.0
503,50.0,53.74685239753549,32.0
504,42.0,57.95339585109406,32.0
505,32.0,53.57976653696498,32.0
506,36.0,51.52133891213389,32.0
507,105.0,75.53099510603589,32.0
508,60.0,61.48879892037787,32.0
509,32.0,50.351381215469615,32.0
510,45.0,52.47101841820152,32.0
511,55.0,64.01603849238171,32.0
512,113.0,89.8022759601707,64.0
513,128.0,95.22840192806822,64.0
514,105.0,77.78723056825604,64.0
515,82.0,83.29965347437535,64.0
516,110.0,97.72497145032357,64.0
517,77.0,81.93301707779887,64.0
518,85.0,96.73899012908124,64.0
519,86.0,91.8598848368522,64.0
520,135.0,94.49325842696629,64.0
521,82.0,85.61552680221811,64.0
522,139.0,98.95095785440613,64.0
523,150.0,97.17974091399785,64.0
524,98.0,76.18713996574809,64.0
525,81.0,86.5471096096096,64.0
526,99.0,85.20340930856158,64.0
527,123.0,92.93538913362701,64.0
528,129.0,94.26206509539843,64.0
529,91.0,87.39977199315979,64.0
530,61.0,78.06567992599444,64.0
531,166.0,102.5631469979296,64.0
532,204.0,108.59935495430926,64.0
533,139.0,98.32389878163075,64.0
534,127.0,100.51994705993572,64.0
535,185.0,116.5472114853672,64.0
536,118.0,94.91265630920803,64.0
537,111.0,90.7832948421863,64.0
538,102.0,148.07075562391847,64.0
539,112.0,88.00877674163466,64.0
540,89.0,71.8144709460541,64.0
541,93.0,86.31272452259407,64.0
542,60.0,86.3368481595092,64.0
543,98.0,89.97913533834587,64.0
544,155.0,103.96680420105027,64.0
545,106.0,83.44068113772455,64.0
546,192.0,103.80072727272727,64.0
547,141.0,89.24209606986899,64.0
548,168.0,94.56443957648777,64.0
549,144.0,104.7639046538025,64.0
550,147.0,102.10900019190174,64.0
551,214.0,117.00112718391884,64.0
552,69.0,85.5667616334283,64.0
553,114.0,90.9811782420478,64.0
554,157.0,96.93538405533309,64.0
555,105.0,91.08744522766241,64.0
556,147.0,100.72393538913363,64.0
557,155.0,97.40086988039144,64.0
558,107.0,89.86208864371315,64.0
559,139.0,95.71624191707873,64.0
560,86.0,90.33062280539642,64.0
561,103.0,86.52002224694104,64.0
562,95.0,89.88796523710562,64.0
563,132.0,87.49982614742699,64.0
564,112.0,93.9465706707086,64.0
565,125.0,94.77026522226373,64.0
566,130.0,93.12062116287468,64.0
567,84.0,85.1358024691358,64.0
568,91.0,84.55567928730513,64.0
569,93.0,93.67789356159285,64.0
570,133.0,89.86431881371641,64.0
571,150.0,100.89042776998598,64.0
572,113.0,89.83216395864106,64.0
573,72.0,80.33132199670872,64.0
574,83.0,79.89007490636705,64.0
575,152.0,100.8732635585157,64.0
576,104.0,80.14578766050737,64.0
577,72.0,78.23819922728036,64.0
578,169.0,110.11092085235921,64.0
579,127.0,88.12352941176471,64.0
580,174.0,115.99867147466313,64.0
581,133.0,84.54691151919866,64.0
582,120.0,100.46048632218844,64.0
583,70.0,86.87449933244326,64.0
584,115.0,97.55304913018543,64.0
585,153.0,91.77357836338419,64.0
586,123.0,92.78203911144864,64.0
587,90.0,87.09912695525645,64.0
588,76.0,98.40574402467232,64.0
589,137.0,91.89378330373002,64.0
590,83.0,88.3784288113454,64.0
591,94.0,85.86117176128093,64.0
592,148.0,122.3656273199703,64.0
593,115.0,91.29531899512018,64.0
594,59.0,73.33031161473087,64.0
595,147.0,107.91620215533258,64.0
596,96.0,80.0697033554871,64.0
597,173.0,121.32261580381471,64.0
598,162.0,108.82250755287009,64.0
599,163.0,104.05821789591913,64.0
600,185.0,109.73281739450894,64.0
601,118.0,101.24615095756666,64.0
602,68.0,81.47301163456036,64.0
603,92.0,85.99466617620011,64.0
604,68.0,76.0894538606403,64.0
605,117.0,86.2972241029113,64.0
606,122.0,81.64678111587983,64.0
607,63.0,52.74004479840717,64.0
608,180.0,114.312902005297,64.0
609,145.0,91.37109805361733,64.0
610,130.0,96.83829787234042,64.0
611,141.0,97.20072229614142,64.0
612,117.0,93.07975807975808,64.0
613,103.0,81.37375046279156,64.0
614,64.0,81.37742053343077,64.0
615,97.0,85.87750929368029,64.0
616,71.0,81.12998688893052,64.0
617,105.0,94.86021505376344,64.0
618,184.0,101.58984522461306,64.0
619,215.0,112.50889418668623,64.0
620,102.0,91.07592067988668,64.0
621,190.0,108.89131245339298,64.0
622,104.0,88.01796180752505,64.0
623,97.0,134.37841832963784,64.0
624,125.0,93.39643736971765,64.0
625,69.0,80.96414710774349,64.0
626,146.0,96.34489293158992,64.0
627,91.0,69.42109222205507,64.0
628,179.0,110.03578601424137,64.0
629,164.0,97.76528384279476,64.0
630,147.0,93.17592433361995,64.0
631,181.0,106.32740794485761,64.0
632,64.0,59.58643494309443,64.0
633,93.0,84.46822189566495,64.0
634,149.0,107.29438488097401,64.0
635,150.0,106.12552142586273,64.0
636,138.0,97.69186585139893,64.0
637,133.0,101.83521280465624,64.0
638,113.0,92.28796400449944,64.0
639,113.0,83.50233225690707,64.0
640,83.0,93.45793861311103,64.0
641,108.0,86.97415749956347,64.0
642,106.0,94.36123975774849,64.0
643,116.0,93.95196671709532,64.0
644,96.0,94.97048449972155,64.0
645,107.0,89.71148352694725,64.0
646,76.0,83.40022826707248,64.0
647,122.0,86.3392200147167,64.0
648,156.0,85.88825577714466,64.0
649,121.0,85.04472207133804,64.0
650,93.0,82.70997766195086,64.0
651,117.0,106.75697586726999,64.0
652,82.0,80.74846730245231,64.0
653,124.0,76.22157856625634,64.0
654,182.0,99.93023255813954,64.0
655,110.0,94.68842224744608,64.0
656,155.0,107.27420865330586,64.0
657,115.0,97.49357601713062,64.0
658,164.0,101.65372585096596,64.0
659,132.0,86.64380813423308,64.0
660,157.0,68.36365905403719,64.0
661,107.0,91.38371710526316,64.0
662,90.0,82.40153500561587,64.0
663,129.0,96.905875748503,64.0
664,63.0,83.5665605691818,64.0
665,84.0,140.91657657657657,64.0
666,163.0,108.13367328355491,64.0
667,80.0,81.5113574413956,64.0
668,54.0,72.16722846441948,64.0
669,63.0,81.08333333333333,64.0
670,86.0,81.33967843282203,64.0
671,109.0,84.79182630906769,64.0
672,153.0,102.96139288417865,64.0
673,73.0,75.10628331448878,64.0
674,83.0,78.14316469321851,64.0
675,153.0,90.22190510167677,64.0
676,103.0,86.9382458799015,64.0
677,149.0,98.86584905660378,64.0
678,78.0,72.84687192924991,64.0
679,89.0,88.62650602409639,64.0
680,55.0,60.47465703971119,64.0
681,86.0,93.47785333578386,64.0
682,87.0,91.01297316509685,64.0
683,129.0,70.49924231987877,64.0
684,82.0,84.93786078098472,64.0
685,125.0,73.18692943051731,64.0
686,87.0,84.63949548192771,64.0
687,127.0,92.527520332892,64.0
688,81.0,84.91574109536576,64.0
689,93.0,89.92504291436201,64.0
690,96.0,88.40477996965099,64.0
691,133.0,91.42475101438583,64.0
692,107.0,88.10242290748899,64.0
693,99.0,85.98941598941599,64.0
694,96.0,91.21156423511393,64.0
695,92.0,83.72800438997622,64.0
696,94.0,92.32379904657132,64.0
697,105.0,91.70303605313093,64.0
698,156.0,102.52619760479043,64.0
699,92.0,92.78630549285177,64.0
700,132.0,108.96904852884983,64.0
701,113.0,96.50803981623277,64.0
702,134.0,99.0945945945946,64.0
703,126.0,98.51706581180464,64.0
704,128.0,90.04446874430472,64.0
705,112.0,81.69855471438403,64.0
706,168.0,103.04425266250459,64.0
707,202.0,115.31215834118755,64.0
708,105.0,86.79322807684991,64.0
709,69.0,91.35663935987807,64.0
710,110.0,152.56836308393468,64.0
711,83.0,81.93941028407048,64.0
712,176.0,102.55992939099735,64.0
713,79.0,75.06563126252505,64.0
714,115.0,94.4848945468364,64.0
715,156.0,103.93776012107453,64.0
716,97.0,85.13422074320577,64.0
717,149.0,99.34036541721605,64.0
718,74.0,90.51845637583892,64.0
719,101.0,92.98976303317535,64.0
720,169.0,93.3170077155317,64.0
721,79.0,90.89606209769026,64.0
722,157.0,105.73913043478261,64.0
723,171.0,99.67659267280274,64.0
724,126.0,93.96993557623479,64.0
725,150.0,93.98283731970056,64.0
726,102.0,99.30198748619802,64.0
727,112.0,87.70374469655046,64.0
728,90.0,89.29837320574163,64.0
729,211.0,110.68624,64.0
730,123.0,91.63460144927537,64.0
731,115.0,76.34295555191078,64.0
732,109.0,93.36674956954276,64.0
733,126.0,96.74424311060778,64.0
734,89.0,92.21344860710855,64.0
735,108.0,89.40026124276918,64.0
736,123.0,102.82292274761627,64.0
737,188.0,111.68525821596243,64.0
738,90.0,87.53200459946339,64.0
739,178.0,109.39237581825184,64.0
740,147.0,105.72521838207368,64.0
741,147.0,91.89750084430935,64.0
742,160.0,105.4633730834753,64.0
743,127.0,94.07340852609444,64.0
744,117.0,85.7309963099631,64.0
745,103.0,98.76841906915395,64.0
746,62.0,92.85355648535565,64.0
747,113.0,65.6097842835131,64.0
748,187.0,103.76967095851217,64.0
749,89.0,82.13717219878966,64.0
750,115.0,102.32231248819195,64.0
751,115.0,95.51572448388964,64.0
752,80.0,79.43165969316597,64.0
753,101.0,86.2827611664821,64.0
754,74.0,90.66048556681324,64.0
755,70.0,80.27828097899402,64.0
756,148.0,93.37839355925857,64.0
757,139.0,92.00845743702887,64.0
758,98.0,89.18612395929695,64.0
759,151.0,97.19110854503464,64.0
760,126.0,96.28548672566372,64.0
761,150.0,98.05703422053232,64.0
762,115.0,98.73494902865936,64.0
763,172.0,104.4429703335176,64.0
764,105.0,82.96773030466919,64.0
765,153.0,87.55849925950305,64.0
766,94.0,87.56160241874528,64.0
767,117.0,91.91143911439114,64.0
768,214.0,123.61545956479377,128.0
769,78.0,100.42338576614233,128.0
770,409.0,151.86922474549726,128.0
771,227.0,121.43717934723283,128.0
772,305.0,131.36887608069165,128.0
773,320.0,136.1323174742381,128.0
774,186.0,108.07774740295244,128.0
775,299.0,133.771935699933,128.0
776,186.0,113.1463986599665,128.0
777,250.0,122.9839732888147,128.0
778,250.0,117.37740986820607,128.0
779,248.0,164.21735241502682,128.0
780,306.0,138.53570264101728,128.0
781,250.0,118.35367292225202,128.0
782,246.0,127.91925743681503,128.0
783,313.0,131.80445744251713,128.0
784,301.0,129.3449978060553,128.0
785,243.0,112.54704022675243,128.0
786,409.0,141.47698195735376,128.0
787,207.0,128.1578185865331,128.0
788,244.0,122.74325519681557,128.0
789,273.0,123.62649939473974,128.0
790,293.0,127.9285091543156,128.0
791,301.0,127.55989980396427,128.0
792,206.0,123.31750805585392,128.0
793,189.0,108.61712544880862,128.0
794,353.0,138.0040094582091,128.0
795,204.0,121.64268408300853,128.0
796,284.0,131.00246029970924,128.0
797,306.0,127.86468215025624,128.0
798,160.0,181.90007789028596,128.0
799,251.0,116.35288522511097,128.0
800,165.0,111.65064593825268,128.0
801,233.0,123.93151850276477,128.0
802,192.0,111.98632497038872,128.0
803,177.0,116.48816088225755,128.0
804,257.0,122.22225802986357,128.0
805,271.0,125.07321604196262,128.0
806,304.0,123.31375390102541,128.0
807,399.0,132.83771440170506,128.0
808,111.0,98.07451451014619,128.0
809,373.0,144.45186029640377,128.0
810,267.0,117.16627965673902,128.0
811,306.0,126.49933318515225,128.0
812,185.0,122.88635601743212,128.0
813,288.0,128.0957327971403,128.0
814,140.0,101.07570365577483,128.0
815,250.0,127.95074106364429,128.0
816,208.0,118.5125672264296,128.0
817,324.0,181.39014821272886,128.0
818,235.0,125.18946685411485,128.0
819,179.0,102.34340307429548,128.0
820,191.0,111.20650868188271,128.0
821,199.0,114.04492269118262,128.0
822,253.0,138.5462051444903,128.0
823,344.0,146.70266354619415,128.0
824,357.0,122.12273541708143,128.0
825,267.0,117.88098524259476,128.0
826,117.0,94.82718365645195,128.0
827,229.0,111.960905119301,128.0
828,179.0,106.50245316681534,128.0
829,221.0,124.79402216500615,128.0
830,369.0,142.23197316936836,128.0
831,194.0,121.01773246148731,128.0
832,235.0,120.98956502636204,128.0
833,283.0,124.4083741163676,128.0
834,190.0,110.79552854352073,128.0
835,212.0,118.41257257704332,128.0
836,300.0,128.74316395438947,128.0
837,217.0,118.3770601336303,128.0
838,163.0,118.34231018818949,128.0
839,210.0,114.20174068288328,128.0
840,274.0,120.22924648786717,128.0
841,383.0,140.65446350043976,128.0
842,302.0,126.79686108637578,128.0
843,311.0,131.24186096486517,128.0
844,348.0,130.44805407173226,128.0
845,263.0,128.76862920344095,128.0
846,101.0,99.56344781445138,128.0
847,297.0,128.53080887295542,128.0
848,469.0,156.10901675485007,128.0
849,112.0,98.80453888085438,128.0
850,150.0,107.99623810577562,128.0
851,142.0,108.55865546218487,128.0
852,399.0,146.88739975832144,128.0
853,249.0,124.02856190264504,128.0
854,237.0,131.2047416147711,128.0
855,205.0,121.0637101135749,128.0
856,349.0,189.81402370834266,128.0
857,202.0,127.4687533269456,128.0
858,278.0,123.5468201754386,128.0
859,227.0,116.94639756944444,128.0
860,202.0,115.99732262382865,128.0
861,292.0,124.94317928108953,128.0
862,215.0,111.98104162126825,128.0
863,205.0,117.28232852774137,128.0
864,329.0,144.6813589430443,128.0
865,277.0,113.80973999174577,128.0
866,331.0,137.33722579941067,128.0
867,196.0,111.76371355155848,128.0
868,278.0,126.85878930289806,128.0
869,226.0,125.8055524831324,128.0
870,394.0,135.26081556613536,128.0
871,257.0,129.29522013973605,128.0
872,166.0,109.54541416833223,128.0
873,219.0,114.61063924899419,128.0
874,310.0,157.3969798657718,128.0
875,168.0,121.43860801050558,128.0
876,411.0,188.33755990415335,128.0
877,203.0,105.08816774837743,128.0
878,258.0,132.6765835986387,128.0
879,299.0,137.59043250327653,128.0
880,278.0,128.82568909719896,128.0
881,191.0,120.50492638104727,128.0
882,389.0,144.51293859649124,128.0
883,365.0,138.53608923884514,128.0
884,164.0,113.07467248908297,128.0
885,149.0,117.64354803253462,128.0
886,105.0,98.48003970004412,128.0
887,299.0,139.76479597418225,128.0
888,287.0,130.44813961145869,128.0
889,353.0,137.7254858163949,128.0
890,256.0,131.8735395932497,128.0
891,168.0,124.41723681306554,128.0
892,368.0,133.74802371541503,128.0
893,215.0,125.49714733191632,128.0
894,197.0,112.64414414414415,128.0
895,295.0,168.64959038776624,128.0
896,159.0,119.05989448639703,128.0
897,150.0,94.13984483787547,128.0
898,144.0,100.58031260392417,128.0
899,422.0,145.7063274481851,128.0
900,218.0,114.94077119679964,128.0
901,223.0,128.54568584070796,128.0
902,210.0,112.88703112968871,128.0
903,270.0,129.00087393489184,128.0
904,180.0,116.22101488645006,128.0
905,126.0,100.54425550468716,128.0
906,220.0,121.37321754047389,128.0
907,313.0,120.6743573535609,128.0
908,188.0,117.85362413194444,128.0
909,192.0,95.55683192261185,128.0
910,271.0,131.56467046554133,128.0
911,270.0,121.98622915545992,128.0
912,309.0,120.81646509654148,128.0
913,205.0,101.17671947259667,128.0
914,295.0,135.76257501363884,128.0
915,476.0,201.34553649956024,128.0
916,321.0,139.49657003761894,128.0
917,147.0,104.20586601488723,128.0
918,190.0,113.75528535436521,128.0
919,232.0,119.94024509272313,128.0
920,126.0,102.67221934816348,128.0
921,319.0,136.13974986405654,128.0
922,230.0,118.02983764809127,128.0
923,267.0,135.06896937178627,128.0
924,208.0,114.66625615763547,128.0
925,305.0,134.60441810344827,128.0
926,183.0,110.4646244412951,128.0
927,384.0,139.70678773114827,128.0
928,212.0,111.85475036865388,128.0
929,212.0,117.73169136878815,128.0
930,120.0,104.06180821917808,128.0
931,183.0,119.07016580652245,128.0
932,313.0,127.66336851363236,128.0
933,254.0,124.78993055555556,128.0
934,315.0,186.3773666092943,128.0
935,243.0,130.63118839295603,128.0
936,313.0,130.43885612551463,128.0
937,284.0,114.24868938401049,128.0
938,230.0,123.55416303400175,128.0
939,257.0,135.46261271167802,128.0
940,351.0,147.79181614349775,128.0
941,339.0,147.70739762219287,128.0
942,313.0,128.85789243550502,128.0
943,149.0,113.79694822888284,128.0
944,146.0,101.58246704533276,128.0
945,114.0,103.09235287718917,128.0
946,201.0,120.37724682156949,128.0
947,215.0,119.13453446973783,128.0
948,186.0,115.14639467655722,128.0
949,410.0,143.55230820325474,128.0
950,88.0,93.33794530994662,128.0
951,109.0,97.15145885695553,128.0
952,176.0,114.43398721622218,128.0
953,291.0,132.7287262581822,128.0
954,297.0,168.13516746411483,128.0
955,218.0,124.40264063020082,128.0
956,204.0,122.82713085234094,128.0
957,302.0,132.17718763604702,128.0
958,261.0,133.10921538795913,128.0
959,214.0,127.62730110883841,128.0
960,224.0,113.29562378863614,128.0
961,213.0,120.16141732283465,128.0
962,287.0,123.56476267095736,128.0
963,195.0,114.22581311306143,128.0
964,377.0,142.6667782987274,128.0
965,283.0,116.09052978847274,128.0
966,169.0,109.32356647763075,128.0
967,113.0,101.72885979268958,128.0
968,224.0,117.04239591259919,128.0
969,172.0,113.66920731707317,128.0
970,341.0,120.65591832608915,128.0
971,222.0,110.85941293312735,128.0
972,277.0,120.89964732285989,128.0
973,313.0,135.5476110925493,128.0
974,217.0,154.76268846888937,128.0
975,134.0,111.1883378746594,128.0
976,187.0,131.9017425519955,128.0
977,215.0,133.20769399386234,128.0
978,177.0,118.15019585898153,128.0
979,258.0,117.49882062226216,128.0
980,292.0,142.17213024887621,128.0
981,190.0,126.0326191237608,128.0
982,172.0,101.22094411285947,128.0
983,232.0,114.52167283816162,128.0
984,243.0,122.85143611753054,128.0
985,340.0,139.91436373566358,128.0
986,160.0,107.8102324570932,128.0
987,421.0,149.91538122520933,128.0
988,288.0,129.71879106438897,128.0
989,218.0,112.05481780516307,128.0
990,218.0,121.1715723820987,128.0
991,254.0,137.2632285490547,128.0
992,387.0,135.12156778292237,128.0
993,264.0,134.28958773197022,128.0
994,387.0,182.01483165529933,128.0
995,411.0,141.96174685739055,128.0
996,356.0,135.9752839011356,128.0
997,222.0,119.92917628945342,128.0
998,142.0,107.28192244675041,128.0
999,209.0,119.81310169303973,128.0
1000,304.0,128.5601470260637,128.0
1001,348.0,145.47020826372648,128.0
1002,339.0,128.75307152259762,128.0
1003,205.0,116.54953250222619,128.0
1004,224.0,110.81824111316448,128.0
1005,197.0,116.26350762527233,128.0
1006,212.0,117.67029104887425,128.0
1007,258.0,126.75156645047818,128.0
1008,210.0,115.3614180982602,128.0
1009,209.0,113.2950729726764,128.0
1010,380.0,150.46163069544363,128.0
1011,343.0,134.12473572938688,128.0
1012,259.0,179.0646777245909,128.0
1013,252.0,132.89723362870112,128.0
1014,330.0,132.3506379234492,128.0
1015,203.0,105.50973589973142,128.0
1016,97.0,103.20800715723551,128.0
1017,368.0,139.92286592056178,128.0
1018,164.0,117.75349201028048,128.0
1019,332.0,137.87439937423176,128.0
1020,165.0,109.35901907356948,128.0
1021,211.0,120.03244804978331,128.0
1022,337.0,146.29343671508136,128.0
1023,301.0,128.93463414634147,128.0
1024,526.0,133.8218955957736,256.0
1025,424.0,123.69298470040424,256.0
1026,756.0,137.43747244673034,256.0
1027,795.0,180.72105045492142,256.0
1028,599.0,127.6197825864014,256.0
1029,272.0,113.08792221084954,256.0
1030,362.0,115.51316168700163,256.0
1031,607.0,132.31401561857788,256.0
1032,481.0,123.40033757864047,256.0
1033,794.0,143.1839464882943,256.0
1034,367.0,110.47728087700425,256.0
1035,325.0,110.99605573199467,256.0
1036,594.0,154.05665765719823,256.0
1037,474.0,114.25837560902104,256.0
1038,444.0,118.08313673197252,256.0
1039,600.0,129.34151329243355,256.0
1040,460.0,118.31813733065472,256.0
1041,321.0,105.56736822324532,256.0
1042,344.0,124.59358615423771,256.0
1043,765.0,137.14214325374792,256.0
1044,348.0,112.30783138754003,256.0
1045,285.0,115.23659225044906,256.0
1046,774.0,159.59778313747626,256.0
1047,489.0,118.11280255746689,256.0
1048,601.0,136.83046405262346,256.0
1049,417.0,129.85693018480492,256.0
1050,528.0,128.14233128834357,256.0
1051,458.0,125.02433277230104,256.0
1052,769.0,137.3499691294505,256.0
1053,575.0,133.16939918795293,256.0
1054,416.0,111.64380971846099,256.0
1055,260.0,135.30386597938144,256.0
1056,533.0,115.4830078125,256.0
1057,483.0,107.18541154059847,256.0
1058,451.0,132.41748774825896,256.0
1059,553.0,113.78860800897154,256.0
1060,803.0,146.22274759726577,256.0
1061,277.0,100.68182511051268,256.0
1062,249.0,101.99029175561655,256.0
1063,512.0,126.55854108519797,256.0
1064,388.0,133.8161375051841,256.0
1065,531.0,112.71368963900609,256.0
1066,419.0,122.3195530726257,256.0
1067,653.0,143.14503160556256,256.0
1068,621.0,128.81995158361912,256.0
1069,491.0,122.96889707386946,256.0
1070,470.0,126.65526086287385,256.0
1071,612.0,142.45786277167093,256.0
1072,682.0,138.17031584831827,256.0
1073,774.0,168.3266877220687,256.0
1074,888.0,146.91899954107387,256.0
1075,638.0,128.18616726963182,256.0
1076,425.0,124.49788583509513,256.0
1077,493.0,122.15042774566474,256.0
1078,341.0,109.82643007461259,256.0
1079,553.0,134.51920007979254,256.0
1080,326.0,127.250177481187,256.0
1081,372.0,116.06651935736316,256.0
1082,253.0,133.7744973395489,256.0
1083,295.0,107.3597641188478,256.0
1084,476.0,123.5961334277119,256.0
1085,353.0,127.65509898971594,256.0
1086,480.0,114.65145635607088,256.0
1087,284.0,112.83511041713139,256.0
1088,575.0,125.69626649199962,256.0
1089,215.0,117.98699482589848,256.0
1090,619.0,133.6122420781135,256.0
1091,604.0,128.97924157438035,256.0
1092,702.0,156.15136258660507,256.0
1093,426.0,125.97918118871695,256.0
1094,846.0,145.83979626159243,256.0
1095,478.0,145.4025279533301,256.0
1096,589.0,128.3122165727635,256.0
1097,470.0,114.11829353118479,256.0
1098,530.0,131.17770924685587,256.0
1099,385.0,109.6493295019157,256.0
1100,562.0,136.05479663106,256.0
1101,489.0,121.67823549904197,256.0
1102,334.0,130.00170129401454,256.0
1103,432.0,126.21264516129033,256.0
1104,680.0,134.17226030901463,256.0
1105,666.0,139.57753326509723,256.0
1106,477.0,114.37416163249775,256.0
1107,378.0,116.24270392905022,256.0
1108,462.0,130.22250770811922,256.0
1109,620.0,72.46303203449462,256.0
1110,416.0,141.51688338387214,256.0
1111,316.0,126.9847068387359,256.0
1112,998.0,171.4597248504066,256.0
1113,587.0,122.79890246944375,256.0
1114,363.0,117.77886537180342,256.0
1115,717.0,148.32170204018706,256.0
1116,275.0,116.00835611492236,256.0
1117,255.0,117.08049997428115,256.0
1118,537.0,127.21592024381425,256.0
1119,401.0,145.22781004789564,256.0
1120,513.0,147.92293088408846,256.0
1121,519.0,126.45007169192954,256.0
1122,448.0,120.91785548745945,256.0
1123,377.0,120.1604259004534,256.0
1124,494.0,134.06048014773776,256.0
1125,498.0,125.18301954181335,256.0
1126,235.0,101.87885802469135,256.0
1127,414.0,115.57606564144906,256.0
1128,280.0,109.14723456411828,256.0
1129,308.0,148.1739417989418,256.0
1130,942.0,170.45747515114255,256.0
1131,322.0,115.6056685150955,256.0
1132,503.0,124.01885638568953,256.0
1133,718.0,146.41249616211238,256.0
1134,525.0,132.885327708612,256.0
1135,414.0,117.42253015139852,256.0
1136,357.0,123.11515494697828,256.0
1137,338.0,117.65628539071348,256.0
1138,577.0,135.95477126888844,256.0
1139,314.0,125.26000604899687,256.0
1140,514.0,122.71645672905298,256.0
1141,447.0,128.99141852770884,256.0
1142,361.0,115.56927402862986,256.0
1143,462.0,123.036861370315,256.0
1144,466.0,124.8353268715199,256.0
1145,484.0,120.03013988125188,256.0
1146,477.0,132.31694324933414,256.0
1147,498.0,119.79280699969478,256.0
1148,406.0,163.2139487179487,256.0
1149,627.0,137.6175274187735,256.0
1150,368.0,119.55387144838924,256.0
1151,397.0,113.0038087395131,256.0
1152,411.0,122.39049629324548,256.0
1153,376.0,125.4805001793676,256.0
1154,395.0,109.55422733077906,256.0
1155,439.0,118.71824768485197,256.0
1156,377.0,105.92125465077945,256.0
1157,507.0,153.80805687203792,256.0
1158,395.0,133.97732785505667,256.0
1159,674.0,148.55321002203206,256.0
1160,437.0,127.80855334259688,256.0
1161,628.0,134.11034270785308,256.0
1162,329.0,108.82727272727273,256.0
1163,410.0,116.45716490866992,256.0
1164,472.0,124.64644167657244,256.0
1165,434.0,122.85530645824764,256.0
1166,370.0,116.67256038647344,256.0
1167,798.0,164.4338401479351,256.0
1168,465.0,126.932556118014,256.0
1169,260.0,106.52703539366422,256.0
1170,307.0,132.06687506405657,256.0
1171,476.0,111.39709533848676,256.0
1172,705.0,138.57908470493777,256.0
1173,557.0,132.5805152979066,256.0
1174,312.0,112.9961489088575,256.0
1175,558.0,122.98685758118128,256.0
1176,365.0,119.86698643560781,256.0
1177,522.0,153.4559367296631,256.0
1178,385.0,119.61332522056587,256.0
1179,542.0,141.5455855114221,256.0
1180,398.0,119.99984616173529,256.0
1181,477.0,115.37012008362099,256.0
1182,392.0,116.23901644351677,256.0
1183,227.0,101.6985022568732,256.0
1184,272.0,112.20185328185327,256.0
1185,606.0,134.97296879827002,256.0
1186,834.0,149.52726990210803,256.0
1187,532.0,120.13138423594697,256.0
1188,325.0,111.4440315838365,256.0
1189,361.0,109.99845281072717,256.0
1190,700.0,145.8622681044616,256.0
1191,311.0,110.17371570043326,256.0
1192,652.0,134.1833910034602,256.0
1193,750.0,145.90804419661296,256.0
1194,524.0,137.3703342403861,256.0
1195,589.0,131.39283323894352,256.0
1196,772.0,137.7160236180393,256.0
1197,636.0,139.11677412752022,256.0
1198,428.0,125.05259926320099,256.0
1199,339.0,109.55475386347355,256.0
1200,640.0,134.25336288202854,256.0
1201,390.0,114.42435348164972,256.0
1202,280.0,105.7782304138308,256.0
1203,610.0,132.3117990593829,256.0
1204,311.0,95.73127012350426,256.0
1205,384.0,139.66923194536466,256.0
1206,567.0,124.81810357920315,256.0
1207,463.0,118.07579848199276,256.0
1208,405.0,110.82266618608722,256.0
1209,631.0,128.9696319018405,256.0
1210,442.0,120.26059550043561,256.0
1211,451.0,129.43770491803278,256.0
1212,458.0,127.29105955221607,256.0
1213,423.0,121.75180759961027,256.0
1214,789.0,162.0320841889117,256.0
1215,659.0,141.69186941792424,256.0
1216,496.0,123.04315005610528,256.0
1217,487.0,137.44646913070412,256.0
1218,638.0,138.7440799589954,256.0
1219,554.0,126.3786097359736,256.0
1220,411.0,111.26583576960559,256.0
1221,968.0,160.98538944335837,256.0
1222,433.0,131.2815508851848,256.0
1223,606.0,163.5080595482546,256.0
1224,644.0,145.62440952967756,256.0
1225,283.0,103.15058763413388,256.0
1226,505.0,126.2930083981658,256.0
1227,340.0,115.23981086498432,256.0
1228,649.0,140.44052999178308,256.0
1229,526.0,132.62441968430826,256.0
1230,303.0,113.30662557781201,256.0
1231,436.0,127.43633468591094,256.0
1232,677.0,146.60080333693804,256.0
1233,249.0,122.25983223667689,256.0
1234,256.0,108.38240565313124,256.0
1235,446.0,121.14146241200349,256.0
1236,235.0,101.07866592326017,256.0
1237,217.0,100.40682911846012,256.0
1238,641.0,133.28338997013697,256.0
1239,416.0,125.64465931409579,256.0
1240,354.0,120.26406417658781,256.0
1241,460.0,136.3094931824029,256.0
1242,377.0,134.7662125618654,256.0
1243,484.0,122.87798340120625,256.0
1244,505.0,139.115481000358,256.0
1245,557.0,126.84328604420983,256.0
1246,380.0,117.42545288011398,256.0
1247,439.0,111.66212587276011,256.0
1248,859.0,159.34505428827572,256.0
1249,698.0,146.51996491952124,256.0
1250,327.0,118.45235414534288,256.0
1251,699.0,149.64804361460895,256.0
1252,596.0,133.27407786885246,256.0
1253,563.0,136.6756825590872,256.0
1254,315.0,106.15088671382885,256.0
1255,581.0,127.06538422183567,256.0
1256,485.0,125.23249703776209,256.0
1257,239.0,106.85225929162597,256.0
1258,773.0,137.8229591047393,256.0
1259,744.0,144.4095895349436,256.0
1260,850.0,165.37314589901288,256.0
1261,274.0,105.25608047242518,256.0
1262,682.0,138.75020391517128,256.0
1263,340.0,111.47217806041336,256.0
1264,429.0,124.7812643995945,256.0
1265,472.0,131.92191890806905,256.0
1266,475.0,135.3152883982377,256.0
1267,463.0,121.6124133043082,256.0
1268,517.0,120.68129084553422,256.0
1269,339.0,135.80454498608677,256.0
1270,676.0,163.61957696464412,256.0
1271,331.0,112.6703976285393,256.0
1272,447.0,127.79057135536766,256.0
1273,382.0,121.9843653250774,256.0
1274,430.0,114.1596690477414,256.0
1275,673.0,131.55845496093175,256.0
1276,686.0,131.6154794309486,256.0
1277,879.0,138.56004931013229,256.0
1278,448.0,110.69504578539564,256.0
1279,653.0,129.10448672296266,256.0
1280,1187.0,107.79622228924747,512.0
1281,1049.0,105.3501662960266,512.0
1282,1461.0,118.11216715104862,512.0
1283,764.0,110.11286731082747,512.0
1284,372.0,91.01979568311008,512.0
1285,912.0,93.25283040554778,512.0
1286,1971.0,136.80654473554128,512.0
1287,1275.0,108.6868642807574,512.0
1288,959.0,108.08695479225919,512.0
1289,764.0,108.2548150503866,512.0
1290,1416.0,122.0782959124928,512.0
1291,838.0,98.1225767968983,512.0
1292,663.0,106.4468972088776,512.0
1293,1261.0,118.31940008332177,512.0
1294,794.0,100.30116114640802,512.0
1295,552.0,100.31624491416096,512.0
1296,984.0,95.56423873143645,512.0
1297,922.0,118.09473997028232,512.0
1298,1346.0,115.3363501336766,512.0
1299,854.0,116.76568075489652,512.0
1300,711.0,103.6907165282359,512.0
1301,1258.0,127.30859986912812,512.0
1302,948.0,102.7017926981795,512.0
1303,768.0,96.2597238428627,512.0
1304,1618.0,124.84341417873388,512.0
1305,965.0,105.36950070701639,512.0
1306,1361.0,117.34497781844948,512.0
1307,1145.0,110.06639144155767,512.0
1308,988.0,117.95808395140284,512.0
1309,782.0,98.76421098691276,512.0
1310,485.0,102.98194751628908,512.0
1311,945.0,111.5236900780379,512.0
1312,1501.0,121.59028578242379,512.0
1313,1037.0,106.92522142305178,512.0
1314,1233.0,113.75688073394495,512.0
1315,640.0,95.47077459211151,512.0
1316,820.0,99.8073407284966,512.0
1317,1080.0,97.50177568161747,512.0
1318,837.0,96.65974718546316,512.0
1319,862.0,105.64263784176583,512.0
1320,887.0,82.56027808245693,512.0
1321,1391.0,122.06005594905065,512.0
1322,1254.0,108.09622047244095,512.0
1323,1376.0,118.08787770781355,512.0
1324,868.0,98.08664439406594,512.0
1325,1306.0,115.34287364563416,512.0
1326,985.0,106.5038468420111,512.0
1327,970.0,101.83721800070869,512.0
1328,1270.0,123.77855635625274,512.0
1329,865.0,93.54988301980104,512.0
1330,808.0,95.53662637732191,512.0
1331,607.0,95.20194356492821,512.0
1332,650.0,97.01438492063492,512.0
1333,642.0,107.35125370187562,512.0
1334,1007.0,107.40154032916078,512.0
1335,1290.0,120.34483376111741,512.0
1336,1154.0,112.44487727317897,512.0
1337,953.0,106.80445682451254,512.0
1338,1104.0,108.77379559293124,512.0
1339,1174.0,102.91271617900513,512.0
1340,810.0,101.06094647687114,512.0
1341,712.0,101.27979192312274,512.0
1342,733.0,89.15034173090677,512.0
1343,994.0,103.3958845940154,512.0
1344,1050.0,107.97403931908953,512.0
1345,773.0,105.32231619260382,512.0
1346,910.0,118.36944284208224,512.0
1347,946.0,103.75930703286235,512.0
1348,780.0,105.52691404228212,512.0
1349,754.0,93.5099010886222,512.0
1350,1124.0,108.17520832090368,512.0
1351,1254.0,118.66438533314765,512.0
1352,1298.0,114.63709613400016,512.0
1353,983.0,107.72850364311383,512.0
1354,939.0,118.51308744202711,512.0
1355,669.0,115.70925723376753,512.0
1356,1800.0,130.07046113516304,512.0
1357,1141.0,106.96204512588895,512.0
1358,931.0,106.74903888074195,512.0
1359,1316.0,138.3353165917141,512.0
1360,657.0,94.41077394209354,512.0
1361,931.0,116.65596438701544,512.0
1362,1173.0,102.89788340878405,512.0
1363,636.0,96.62260879961741,512.0
1364,911.0,106.20406178035417,512.0
1365,974.0,107.77207801263023,512.0
1366,1139.0,112.65883664450372,512.0
1367,544.0,95.06056621441236,512.0
1368,639.0,97.06094655761137,512.0
1369,560.0,96.6894357483748,512.0
1370,1240.0,115.53274051725849,512.0
1371,1189.0,110.62446954754647,512.0
1372,583.0,97.15793871866295,512.0
1373,933.0,105.05874430580313,512.0
1374,800.0,102.41301452904816,512.0
1375,833.0,111.1027617723028,512.0
1376,1718.0,127.61438310015457,512.0
1377,806.0,103.31730367481745,512.0
1378,762.0,102.70602328528433,512.0
1379,1428.0,124.37178111587983,512.0
1380,930.0,101.45830439872225,512.0
1381,1114.0,110.48468110470893,512.0
1382,823.0,103.02322672860461,512.0
1383,945.0,98.19414057838418,512.0
1384,936.0,105.30119306072858,512.0
1385,449.0,86.13500595001983,512.0
1386,843.0,103.21680141983829,512.0
1387,1391.0,129.09383895690254,512.0
1388,924.0,104.33342568222746,512.0
1389,1225.0,110.03973509933775,512.0
1390,1309.0,111.31402426894768,512.0
1391,1439.0,128.5686660698299,512.0
1392,745.0,99.84799476117715,512.0
1393,1261.0,109.04754506523254,512.0
1394,1716.0,126.6551244334897,512.0
1395,695.0,101.68136854885257,512.0
1396,770.0,119.84671373172914,512.0
1397,1489.0,112.30368311327311,512.0
1398,1079.0,114.74690916318823,512.0
1399,1064.0,103.66773493640146,512.0
1400,793.0,104.04323947865883,512.0
1401,810.0,97.51298907646475,512.0
1402,732.0,92.7528150651859,512.0
1403,975.0,112.3603244514419,512.0
1404,891.0,101.32954169826363,512.0
1405,1495.0,116.24299811762022,512.0
1406,1003.0,106.99745476237821,512.0
1407,1150.0,105.39811386929581,512.0
1408,1101.0,113.40249718028375,512.0
1409,980.0,113.10605277799857,512.0
1410,1001.0,115.68977035490606,512.0
1411,973.0,102.45789327404114,512.0
1412,507.0,88.28325334076833,512.0
1413,1216.0,111.75488359113379,512.0
1414,1524.0,124.05688073394495,512.0
1415,970.0,112.81662572919865,512.0
1416,758.0,101.11330000199192,512.0
1417,883.0,107.59139572160767,512.0
1418,1271.0,118.41117669270056,512.0
1419,1110.0,108.23135279359643,512.0
1420,814.0,101.46604392328331,512.0
1421,1235.0,125.77040440810805,512.0
1422,1085.0,118.51813657176986,512.0
1423,1081.0,106.85579849989058,512.0
1424,1032.0,97.0023484514898,512.0
1425,947.0,98.12202369239246,512.0
1426,869.0,107.9633761775507,512.0
1427,1121.0,131.01579125315726,512.0
1428,848.0,95.30167813035855,512.0
1429,1184.0,124.57757509665906,512.0
1430,1235.0,110.48573343011894,512.0
1431,761.0,104.49624045728315,512.0
1432,959.0,112.94334159643034,512.0
1433,1122.0,101.94120104230899,512.0
1434,1330.0,118.02948030994163,512.0
1435,1310.0,132.3370588001747,512.0
1436,1179.0,102.33120860337583,512.0
1437,1240.0,114.23421576550827,512.0
1438,631.0,93.38410208596135,512.0
1439,924.0,103.74965841809625,512.0
1440,576.0,111.0973770167277,512.0
1441,819.0,100.46806191410508,512.0
1442,837.0,98.77590591226955,512.0
1443,1367.0,111.28063571727311,512.0
1444,586.0,92.58055732230879,512.0
1445,1030.0,114.99050390264043,512.0
1446,693.0,91.90156192540694,512.0
1447,1213.0,112.11131498470948,512.0
1448,807.0,97.76909674640774,512.0
1449,948.0,107.82001726893613,512.0
1450,932.0,109.14969310529766,512.0
1451,625.0,93.00770519262981,512.0
1452,1704.0,122.60883990994193,512.0
1453,1197.0,110.60537563865529,512.0
1454,1406.0,114.96823447866126,512.0
1455,615.0,100.6366618945359,512.0
1456,1164.0,112.5647965231134,512.0
1457,1076.0,112.01265898488896,512.0
1458,1383.0,134.61308188585608,512.0
1459,788.0,104.81464658538529,512.0
1460,2094.0,131.89630204292735,512.0
1461,487.0,92.75983940508682,512.0
1462,825.0,107.72766135125462,512.0
1463,725.0,95.45853234910986,512.0
1464,1539.0,117.38272683934531,512.0
1465,1597.0,115.04909817646708,512.0
1466,473.0,94.08432379072063,512.0
1467,1093.0,120.92401873238877,512.0
1468,1163.0,110.96196649615369,512.0
1469,1276.0,100.18974839211252,512.0
1470,949.0,99.75022424206183,512.0
1471,1059.0,112.759885443413,512.0
1472,916.0,100.19973395278654,512.0
1473,1223.0,106.89952257807838,512.0
1474,1483.0,115.96768166640166,512.0
1475,1039.0,113.97099656905769,512.0
1476,785.0,102.23248533840545,512.0
1477,979.0,103.4129672431657,512.0
1478,1852.0,146.48855188231573,512.0
1479,767.0,110.54518252543387,512.0
1480,886.0,94.14311605026786,512.0
1481,955.0,107.44439816743024,512.0
1482,1190.0,104.19244157135753,512.0
1483,1916.0,144.96459622612855,512.0
1484,1293.0,120.29309659203881,512.0
1485,776.0,111.08321582490913,512.0
1486,936.0,101.87248002854481,512.0
1487,1167.0,120.57435376992419,512.0
1488,858.0,107.68895516452928,512.0
1489,1641.0,123.14552038359761,512.0
1490,770.0,95.80876462265091,512.0
1491,566.0,95.72423981528587,512.0
1492,889.0,107.64689957201155,512.0
1493,916.0,103.01431293921468,512.0
1494,1063.0,115.58247015102395,512.0
1495,1226.0,114.61820603554531,512.0
1496,641.0,99.6350141933449,512.0
1497,1505.0,130.9994038748137,512.0
1498,786.0,112.9810696997127,512.0
1499,969.0,108.2437778307888,512.0
1500,647.0,97.33345932719278,512.0
1501,1071.0,129.2859229433128,512.0
1502,897.0,116.64215433445744,512.0
1503,960.0,97.19130140590933,512.0
1504,846.0,98.46480194857051,512.0
1505,872.0,103.56789729686628,512.0
1506,1019.0,123.07266327727805,512.0
1507,1362.0,120.64430334958327,512.0
1508,905.0,102.2763317251375,512.0
1509,1563.0,124.66945581627559,512.0
1510,949.0,115.71511338523105,512.0
1511,1271.0,113.42709508819861,512.0
1512,1589.0,125.28979056551286,512.0
1513,937.0,109.48338789031108,512.0
1514,837.0,102.9577897008454,512.0
1515,742.0,95.8261684853079,512.0
1516,945.0,109.74223009272156,512.0
1517,801.0,101.01977681585322,512.0
1518,1052.0,108.4959851271706,512.0
1519,1045.0,114.5811272332445,512.0
1520,1053.0,110.90574676035591,512.0
1521,1214.0,108.02039271916199,512.0
1522,880.0,93.99255821240429,512.0
1523,1167.0,110.45312469740689,512.0
1524,1288.0,105.65521537913848,512.0
1525,824.0,111.38868947914175,512.0
1526,1223.0,122.22114426869597,512.0
1527,481.0,88.36530126127533,512.0
1528,1224.0,116.64150130230293,512.0
1529,871.0,106.31162069787776,512.0
1530,989.0,114.1286183169883,512.0
1531,858.0,107.73523281422054,512.0
1532,660.0,101.0979651735061,512.0
1533,1177.0,119.62625270190607,512.0
1534,942.0,90.4383922531952,512.0
1535,1030.0,108.23605407918184,512.0
1536,3302.0,81.18896374719282,1024.0
1537,2557.0,80.89944575916165,1024.0
1538,1306.0,61.81650053850865,1024.0
1539,3465.0,78.90474145089887,1024.0
1540,2488.0,76.38287428585684,1024.0
1541,2632.0,81.02816989616343,1024.0
1542,1768.0,72.56468637848175,1024.0
1543,1342.0,65.70793759323719,1024.0
1544,1140.0,75.64142693614066,1024.0
1545,2384.0,79.41367005387029,1024.0
1546,1937.0,71.0593444364218,1024.0
1547,2816.0,71.74196767698115,1024.0
1548,3039.0,90.16855925753148,1024.0
1549,2550.0,70.754900659855,1024.0
1550,1289.0,62.826631878115826,1024.0
1551,2251.0,75.73511227817124,1024.0
1552,2244.0,81.00931249343864,1024.0
1553,2392.0,72.57291900521341,1024.0
1554,1822.0,77.28030133373146,1024.0
1555,2703.0,80.53597144707993,1024.0
1556,1090.0,54.52424712134633,1024.0
1557,1635.0,69.99061516594149,1024.0
1558,2194.0,67.94683261429591,1024.0
1559,2318.0,80.90620442391833,1024.0
1560,2153.0,73.92970954793248,1024.0
1561,3406.0,83.56157638178237,1024.0
1562,3014.0,84.13981213872832,1024.0
1563,2827.0,81.54362780933101,1024.0
1564,2733.0,86.17425897226256,1024.0
1565,2592.0,77.20496248421365,1024.0
1566,2019.0,79.2087793964165,1024.0
1567,2263.0,72.71698361148135,1024.0
1568,1805.0,77.22852387897827,1024.0
1569,2118.0,75.43266298013738,1024.0
1570,683.0,64.3868679565174,1024.0
1571,2123.0,88.16033926442779,1024.0
1572,1810.0,73.70544941963088,1024.0
1573,627.0,61.412029694721966,1024.0
1574,1211.0,61.00860876152792,1024.0
1575,2336.0,78.4410008121447,1024.0
1576,1135.0,70.7729862640963,1024.0
1577,1800.0,70.82326361188672,1024.0
1578,1847.0,74.77289100099888,1024.0
1579,2041.0,69.55506808055162,1024.0
1580,1671.0,75.53458980858959,1024.0
1581,1530.0,66.60438956447875,1024.0
1582,1680.0,75.0022812642579,1024.0
1583,1861.0,62.884360697510374,1024.0
1584,3276.0,82.9559710795313,1024.0
1585,3868.0,86.94199257425743,1024.0
1586,1301.0,71.88547650334773,1024.0
1587,1952.0,70.81509595570893,1024.0
1588,2127.0,72.44243033109112,1024.0
1589,1569.0,68.47031351351352,1024.0
1590,2599.0,87.69362460878564,1024.0
1591,3333.0,81.13706728463124,1024.0
1592,2469.0,77.92616668523952,1024.0
1593,1579.0,67.37723347666639,1024.0
1594,2171.0,78.82150247244675,1024.0
1595,1950.0,69.59552182874273,1024.0
1596,2495.0,80.03849542696169,1024.0
1597,2244.0,71.51830936753991,1024.0
1598,3943.0,90.89352525170561,1024.0
1599,1594.0,69.31927232731522,1024.0
1600,1559.0,74.20221440487869,1024.0
1601,1097.0,63.728674329501914,1024.0
1602,2642.0,83.6963399059278,1024.0
1603,1268.0,64.1101589057441,1024.0
1604,1797.0,63.53358462777012,1024.0
1605,3291.0,92.79748157171802,1024.0
1606,1635.0,68.03665426484773,1024.0
1607,1961.0,76.50868978553795,1024.0
1608,2369.0,82.7520233729098,1024.0
1609,2392.0,80.06392711207894,1024.0
1610,1647.0,70.15091229183385,1024.0
1611,3236.0,86.03412187536856,1024.0
1612,1740.0,76.10637011740658,1024.0
1613,3282.0,82.39924968556187,1024.0
1614,2315.0,74.69346796310147,1024.0
1615,3387.0,86.15201012561036,1024.0
1616,1761.0,70.81505635242803,1024.0
1617,2324.0,79.18890396313824,1024.0
1618,1590.0,69.63028794218806,1024.0
1619,1453.0,68.00466201901759,1024.0
1620,2981.0,83.46160537712468,1024.0
1621,1014.0,70.83774062562662,1024.0
1622,907.0,66.6556978743552,1024.0
1623,1455.0,70.63837809109951,1024.0
1624,2625.0,75.89845105328376,1024.0
1625,2244.0,73.63476577186255,1024.0
1626,1424.0,68.86105380887287,1024.0
1627,1878.0,70.59965007654576,1024.0
1628,1377.0,64.85765337601329,1024.0
1629,1845.0,74.71977672048851,1024.0
1630,1184.0,66.51565292085446,1024.0
1631,1501.0,73.60163189939115,1024.0
1632,1383.0,75.9637069516196,1024.0
1633,1889.0,71.42242250358635,1024.0
1634,1723.0,68.39595491046936,1024.0
1635,1666.0,73.60686196425905,1024.0
1636,2477.0,78.54355207496153,1024.0
1637,1571.0,68.13481818236632,1024.0
1638,2776.0,80.92803638476389,1024.0
1639,1162.0,71.34251784142207,1024.0
1640,1083.0,59.82606039829214,1024.0
1641,1861.0,77.9523797603029,1024.0
1642,1393.0,66.90995600060688,1024.0
1643,2741.0,81.12555719268143,1024.0
1644,1670.0,72.46221920093934,1024.0
1645,1584.0,72.586389505101,1024.0
1646,1421.0,68.38398098529605,1024.0
1647,2426.0,75.79892727654092,1024.0
1648,1207.0,73.52302928890735,1024.0
1649,2310.0,83.31715966406689,1024.0
1650,1798.0,78.97499515167439,1024.0
1651,1790.0,74.58500943785391,1024.0
1652,2677.0,75.96563212235189,1024.0
1653,2519.0,82.90561559626205,1024.0
1654,2472.0,79.42029848127913,1024.0
1655,2599.0,81.11002006123957,1024.0
1656,1045.0,71.44660315555222,1024.0
1657,2372.0,74.85677811323568,1024.0
1658,3428.0,90.54562552937074,1024.0
1659,2341.0,80.13078788632548,1024.0
1660,2439.0,78.14578545595693,1024.0
1661,1488.0,66.355064511529,1024.0
1662,3675.0,96.62558648927829,1024.0
1663,1235.0,63.99579753104949,1024.0
1664,1872.0,72.0580847539957,1024.0
1665,2299.0,72.2560507960339,1024.0
1666,1808.0,72.4956344150491,1024.0
1667,1291.0,63.71641406551887,1024.0
1668,3795.0,91.17468308515895,1024.0
1669,3531.0,91.32915312253743,1024.0
1670,1899.0,73.9532103782432,1024.0
1671,2886.0,79.48788590875942,1024.0
1672,3565.0,92.7078390584884,1024.0
1673,2085.0,80.81704869024898,1024.0
1674,2815.0,88.88498974791943,1024.0
1675,2683.0,76.87789389165319,1024.0
1676,1905.0,69.64997660563337,1024.0
1677,1950.0,75.41343385880741,1024.0
1678,1430.0,70.40966271080575,1024.0
1679,1536.0,85.51072056458929,1024.0
1680,1612.0,67.35547551800252,1024.0
1681,2308.0,74.40360041040948,1024.0
1682,2421.0,80.67037298910628,1024.0
1683,2404.0,72.60131090944343,1024.0
1684,2089.0,79.74657658503018,1024.0
1685,2714.0,77.36135357526949,1024.0
1686,1228.0,72.18953014428246,1024.0
1687,1806.0,76.12616772856902,1024.0
1688,1877.0,70.42925498977338,1024.0
1689,2548.0,80.23834540798117,1024.0
1690,1639.0,71.70205156102472,1024.0
1691,1325.0,65.37576859193331,1024.0
1692,2886.0,79.35923827844432,1024.0
1693,3449.0,83.32704922654737,1024.0
1694,4122.0,95.39680625772729,1024.0
1695,2414.0,82.18978628433149,1024.0
1696,2014.0,76.69794893941955,1024.0
1697,2196.0,70.19461079713992,1024.0
1698,1601.0,78.1442250298448,1024.0
1699,1273.0,68.5081221003664,1024.0
1700,1515.0,77.94798404518444,1024.0
1701,2457.0,72.74567413482697,1024.0
1702,1552.0,69.73674402951588,1024.0
1703,1186.0,71.76886895714884,1024.0
1704,3227.0,80.20812802484363,1024.0
1705,2266.0,73.59558616548127,1024.0
1706,2146.0,71.20329801241458,1024.0
1707,2304.0,84.19215068885266,1024.0
1708,2565.0,81.13162229361993,1024.0
1709,1928.0,75.61925720600078,1024.0
1710,1398.0,67.907243783087,1024.0
1711,2026.0,71.65917274634437,1024.0
1712,2124.0,69.1232513611785,1024.0
1713,2624.0,82.35967956775416,1024.0
1714,1146.0,65.30964448065072,1024.0
1715,3434.0,87.55113728828411,1024.0
1716,2813.0,77.58601557999148,1024.0
1717,2576.0,85.6894593309815,1024.0
1718,2212.0,72.70276066564304,1024.0
1719,2737.0,85.71214808383976,1024.0
1720,1054.0,61.529079736173514,1024.0
1721,1944.0,79.15500293152701,1024.0
1722,1644.0,78.60867799067582,1024.0
1723,1728.0,71.40765021163624,1024.0
1724,2622.0,80.71645356537238,1024.0
1725,1642.0,77.96523201580534,1024.0
1726,2724.0,77.06559579147299,1024.0
1727,2240.0,91.76417308397507,1024.0
1728,1852.0,74.64113581636802,1024.0
1729,2016.0,73.8298673693893,1024.0
1730,1501.0,64.61940410054558,1024.0
1731,1789.0,69.04921680592206,1024.0
1732,2008.0,82.02896293411952,1024.0
1733,1215.0,68.7926589223338,1024.0
1734,2254.0,78.10831968186876,1024.0
1735,1814.0,73.11526228637486,1024.0
1736,2786.0,81.99613747585923,1024.0
1737,1652.0,68.44709130201241,1024.0
1738,1954.0,73.59649090141754,1024.0
1739,2672.0,81.1225719357016,1024.0
1740,2086.0,84.13796382610002,1024.0
1741,2440.0,78.96540919758326,1024.0
1742,2298.0,82.17115520243661,1024.0
1743,1901.0,68.69578414839798,1024.0
1744,2859.0,87.3776042970902,1024.0
1745,1770.0,67.13407588190614,1024.0
1746,2248.0,82.13312819358188,1024.0
1747,1620.0,77.7603616333523,1024.0
1748,913.0,60.77590218645707,1024.0
1749,1019.0,80.23081486477204,1024.0
1750,1121.0,69.937534611388,1024.0
1751,2372.0,83.84859453263226,1024.0
1752,2604.0,75.05244366073885,1024.0
1753,2384.0,78.41759298578673,1024.0
1754,1880.0,70.67861871689817,1024.0
1755,1850.0,73.45118422865445,1024.0
1756,1993.0,74.99315513364976,1024.0
1757,2107.0,79.2700461622625,1024.0
1758,1570.0,63.28579557534298,1024.0
1759,1771.0,72.6511625,1024.0
1760,1946.0,79.00840743930993,1024.0
1761,2144.0,68.2286169387798,1024.0
1762,1454.0,64.37082078733133,1024.0
1763,1492.0,70.81602703921799,1024.0
1764,2108.0,73.8745990900276,1024.0
1765,1791.0,70.15432660541309,1024.0
1766,1722.0,76.94858554936746,1024.0
1767,2076.0,66.57216412078914,1024.0
1768,2279.0,72.47150284183866,1024.0
1769,1291.0,63.45677313958987,1024.0
1770,3144.0,89.76080090761353,1024.0
1771,1906.0,60.732052982921644,1024.0
1772,1386.0,67.71930776426566,1024.0
1773,1914.0,78.31614921511556,1024.0
1774,2504.0,77.453175,1024.0
1775,1938.0,79.13027887450647,1024.0
1776,1547.0,71.87884307245506,1024.0
1777,1647.0,70.28760805840288,1024.0
1778,3530.0,87.52301435586041,1024.0
1779,2075.0,79.78602187347975,1024.0
1780,2526.0,77.22523484465073,1024.0
1781,2486.0,83.64674801549067,1024.0
1782,1168.0,60.834377109427734,1024.0
1783,2328.0,79.79917661537692,1024.0
1784,2589.0,85.0864854732896,1024.0
1785,1421.0,78.29146564007699,1024.0
1786,1541.0,66.79315458572968,1024.0
1787,3277.0,84.58660114456332,1024.0
1788,3103.0,79.92069583323246,1024.0
1789,3041.0,84.48610373959576,1024.0
1790,3219.0,87.39966919451986,1024.0
1791,1862.0,68.48343696297454,1024.0
